UoM,Loss_Amount
Internal_Fraud,868620.03
Internal_Fraud,6378136.42
Internal_Fraud,162687.25
Internal_Fraud,34970.94
Internal_Fraud,1184932.06
Internal_Fraud,51336.06
Internal_Fraud,74989.36
Internal_Fraud,929584.96
Internal_Fraud,345253.97
Internal_Fraud,157824.23
Internal_Fraud,490179.47
Internal_Fraud,239398.97
Internal_Fraud,7529366.64
Internal_Fraud,160539.11
Internal_Fraud,112406.97
Internal_Fraud,223563.38
Internal_Fraud,238198.01
Internal_Fraud,1081073.92
Internal_Fraud,22307.84
Internal_Fraud,838222.45
Internal_Fraud,196432.05
Internal_Fraud,1418675.87
Internal_Fraud,411899.4
Internal_Fraud,963224.4
Internal_Fraud,245953.38
Internal_Fraud,853442.88
Internal_Fraud,5366329.34
Internal_Fraud,145968.39
Internal_Fraud,376701.47
Internal_Fraud,213346.75
Internal_Fraud,4825730.55
Internal_Fraud,230749.41
Internal_Fraud,147408.32
Internal_Fraud,185829.46
Internal_Fraud,360924.45
Internal_Fraud,134556.9
Internal_Fraud,254568.44
Internal_Fraud,560062.01
Internal_Fraud,372052.36
Internal_Fraud,1540415.69
Internal_Fraud,274023.02
Internal_Fraud,325486.17
Internal_Fraud,664368.75
Internal_Fraud,12828886.05
Internal_Fraud,135753.65
Internal_Fraud,7924237.18
Internal_Fraud,74954.78
Internal_Fraud,623719.26
Internal_Fraud,265911.96
Internal_Fraud,130234.71
Internal_Fraud,1262543.09
Internal_Fraud,1087992.65
Internal_Fraud,214942.92
Internal_Fraud,19135.66
Internal_Fraud,235608.97
Internal_Fraud,545144.49
Internal_Fraud,443618.58
Internal_Fraud,1374915.62
Internal_Fraud,8043009.96
Internal_Fraud,823082.94
Internal_Fraud,1036803.06
Internal_Fraud,552535.3
Internal_Fraud,2568040.39
Internal_Fraud,981757.9
Internal_Fraud,1360902.33
Internal_Fraud,6672033.5
External_Fraud,6580031.31
External_Fraud,14355.21
External_Fraud,213698.7
External_Fraud,648537.96
External_Fraud,409007.1
External_Fraud,105445.63
External_Fraud,196381.92
External_Fraud,128091.3
External_Fraud,110852.18
External_Fraud,959726.04
External_Fraud,458411.82
External_Fraud,94905.37
External_Fraud,1034470.04
External_Fraud,425469.81
External_Fraud,908266.56
External_Fraud,689997.51
External_Fraud,77381.85
External_Fraud,115812.58
External_Fraud,823188.43
External_Fraud,670350.1
External_Fraud,260054.79
External_Fraud,319972.74
External_Fraud,1823917.73
External_Fraud,110485.87
External_Fraud,609653.52
External_Fraud,198136.41
External_Fraud,193586.2
External_Fraud,1394665.67
External_Fraud,925532.5
External_Fraud,909149.16
External_Fraud,1901622.85
External_Fraud,276926.04
External_Fraud,746334.71
External_Fraud,168484.64
External_Fraud,436371.63
External_Fraud,220749.85
External_Fraud,310361.79
External_Fraud,655226.03
External_Fraud,78642.61
External_Fraud,6190837.37
External_Fraud,59336.15
External_Fraud,43421.81
External_Fraud,1524483.63
External_Fraud,879838.85
External_Fraud,684319.18
External_Fraud,688670.54
External_Fraud,263452.89
External_Fraud,69850.91
External_Fraud,300651.43
External_Fraud,97173.9
External_Fraud,1158549.79
External_Fraud,215219.55
External_Fraud,77788.91
External_Fraud,165697.85
External_Fraud,498519.1
External_Fraud,115198.63
External_Fraud,78172.2
External_Fraud,386748.86
External_Fraud,387491.76
External_Fraud,125440.3
External_Fraud,132381.41
External_Fraud,380056.39
External_Fraud,30573.03
External_Fraud,32493.79
External_Fraud,91339.05
External_Fraud,194819.6
External_Fraud,427778.73
External_Fraud,2453520.1
External_Fraud,971395.95
External_Fraud,211101.05
External_Fraud,260791.28
External_Fraud,59647.41
External_Fraud,260988.15
External_Fraud,174035.06
External_Fraud,435425
External_Fraud,77586.88
External_Fraud,584796.83
External_Fraud,2674059.72
External_Fraud,227945.03
External_Fraud,490199.43
External_Fraud,755561.14
External_Fraud,146997.27
Employment_Practices,459652
Employment_Practices,38967.38
Employment_Practices,64113.6
Employment_Practices,107341.37
Employment_Practices,40090.68
Employment_Practices,51238.08
Employment_Practices,212216.24
Employment_Practices,12094.64
Employment_Practices,20895.31
Employment_Practices,14035.34
Employment_Practices,516655.72
Employment_Practices,20898.86
Employment_Practices,48294.6
Employment_Practices,24320.94
Employment_Practices,37711.98
Employment_Practices,19808.29
Employment_Practices,119860.81
Employment_Practices,12565.68
Employment_Practices,7874.02
Employment_Practices,25909.62
Employment_Practices,18081.55
Employment_Practices,8048.43
Employment_Practices,36862.16
Employment_Practices,4963.29
Employment_Practices,799403.77
Employment_Practices,6381.11
Employment_Practices,22709.78
Employment_Practices,32684.87
Employment_Practices,749399.46
Employment_Practices,4467.24
Employment_Practices,74092.91
Employment_Practices,283718.46
Employment_Practices,37623.55
Employment_Practices,10355.51
Employment_Practices,50920.59
Employment_Practices,591638.98
Employment_Practices,23773.37
Employment_Practices,516213.23
Employment_Practices,88256.3
Employment_Practices,380321.15
Employment_Practices,83118.67
Employment_Practices,28953.21
Employment_Practices,699618.16
Employment_Practices,83939.62
Employment_Practices,76852.58
Employment_Practices,201054.93
Employment_Practices,239480.81
Employment_Practices,202659.94
Employment_Practices,7894.46
Employment_Practices,23020.65
Employment_Practices,22363.97
Employment_Practices,18608.61
Employment_Practices,16185.07
Employment_Practices,21882.97
Employment_Practices,99103.8
Employment_Practices,125695.04
Employment_Practices,59727.39
Employment_Practices,31601.24
Employment_Practices,405629.26
Employment_Practices,52190.25
Employment_Practices,244167.26
Employment_Practices,25489.22
Employment_Practices,111365.09
Employment_Practices,448261.82
Employment_Practices,1196.1
Employment_Practices,22412.45
Employment_Practices,145890.74
Employment_Practices,369247.57
Employment_Practices,81199.98
Employment_Practices,64496.04
Employment_Practices,670559.48
Employment_Practices,404735.92
Employment_Practices,16270.8
Employment_Practices,71297.49
Employment_Practices,102770.49
Employment_Practices,788508.97
Employment_Practices,219499.62
Employment_Practices,51258.45
Employment_Practices,83292.31
Employment_Practices,3548.13
Employment_Practices,256002.56
Employment_Practices,157723.56
Employment_Practices,368882.94
Employment_Practices,48239.14
Employment_Practices,72552.2
Employment_Practices,29085.43
Employment_Practices,10699.13
Clients_Products,65947.6
Clients_Products,135351.86
Clients_Products,145371.02
Clients_Products,31198.4
Clients_Products,338239.64
Clients_Products,499344.76
Clients_Products,105236.09
Clients_Products,3550641.73
Clients_Products,100806.69
Clients_Products,83280.92
Clients_Products,79737.32
Clients_Products,47894.28
Clients_Products,70365.74
Clients_Products,18936.88
Clients_Products,122112.83
Clients_Products,177408.63
Clients_Products,5301.77
Clients_Products,139675.3
Clients_Products,173373.09
Clients_Products,352175
Clients_Products,991478.57
Clients_Products,583635.19
Clients_Products,64180.48
Clients_Products,53926.74
Clients_Products,388192.49
Clients_Products,71616.46
Clients_Products,25794.56
Clients_Products,5729922.8
Clients_Products,102120.99
Clients_Products,63590.14
Clients_Products,6074.2
Clients_Products,583677.07
Clients_Products,36978.66
Clients_Products,169894.14
Clients_Products,695881.55
Clients_Products,37857.98
Clients_Products,183363.11
Clients_Products,1600267.11
Clients_Products,4084.19
Clients_Products,48254.35
Clients_Products,41906.12
Clients_Products,122963.44
Clients_Products,151495.88
Clients_Products,33127.07
Clients_Products,60988.46
Clients_Products,51029.67
Clients_Products,96164.56
Clients_Products,225784.01
Clients_Products,637842.19
Clients_Products,792538.6
Clients_Products,433848.81
Clients_Products,43872.32
Clients_Products,161952.14
Clients_Products,5731535.94
Clients_Products,745491.52
Clients_Products,84056.39
Clients_Products,1746382.87
Clients_Products,90934.63
Clients_Products,59718.49
Clients_Products,1320601.54
Clients_Products,22823.05
Clients_Products,9221.87
Clients_Products,667922.13
Clients_Products,169657.4
Clients_Products,197017.58
Clients_Products,94642.86
Clients_Products,113807.07
Clients_Products,81865.68
Clients_Products,63640.84
Clients_Products,91778.62
Clients_Products,87537.55
Clients_Products,46963.42
Clients_Products,71843.56
Clients_Products,3811.81
Clients_Products,454504.59
Clients_Products,292254.39
Clients_Products,143291.57
Clients_Products,232346.85
Clients_Products,245331.61
Clients_Products,54940.02
Clients_Products,73213.09
Clients_Products,359501.96
Clients_Products,222182.68
Clients_Products,3488494.18
Clients_Products,1847637.28
Clients_Products,659685.32
Clients_Products,51916.8
Clients_Products,69784.31
Clients_Products,36204.18
Clients_Products,247616.39
Clients_Products,2666.62
Clients_Products,81803.15
Damage_Assets,759127.78
Damage_Assets,873087.49
Damage_Assets,1480309.79
Damage_Assets,3784325.77
Damage_Assets,1222241.77
Damage_Assets,4514905.73
Damage_Assets,96056.5
Damage_Assets,391619.12
Damage_Assets,48620.45
Damage_Assets,24046793.89
Damage_Assets,23581856.73
Damage_Assets,3078410.96
Damage_Assets,263306.2
Damage_Assets,43350006.38
Damage_Assets,485715.47
Damage_Assets,873435.28
Damage_Assets,1527740.05
Damage_Assets,2367331.46
Damage_Assets,3158803.59
Damage_Assets,3354933.33
Damage_Assets,968219.28
Damage_Assets,3276058
Damage_Assets,905451.06
Damage_Assets,2867511.55
Damage_Assets,2535591.92
Damage_Assets,3776359.23
Damage_Assets,3131272.56
Damage_Assets,619303.93
Damage_Assets,2393016.49
Damage_Assets,3204605.68
Damage_Assets,173392.56
Damage_Assets,797257.88
Damage_Assets,2994149.68
Damage_Assets,15618063.86
Damage_Assets,4144738.59
Damage_Assets,17168158.57
Damage_Assets,661615.54
Damage_Assets,1750278.96
Damage_Assets,4027284.76
Damage_Assets,36697.81
Damage_Assets,11596394.95
Damage_Assets,73764.67
Damage_Assets,5365017
Damage_Assets,3369408.22
Damage_Assets,35976.11
Damage_Assets,38809.03
Damage_Assets,10311010.64
Damage_Assets,7437780.85
Damage_Assets,320842.15
Damage_Assets,320353.92
Damage_Assets,2594507.99
Damage_Assets,1179833.37
Damage_Assets,5847897.91
Damage_Assets,2469117.57
Damage_Assets,12923348.45
Damage_Assets,5153139.34
Damage_Assets,3545393.01
Damage_Assets,709143.31
Damage_Assets,635405.18
Damage_Assets,1112768.4
Damage_Assets,19027856.69
Damage_Assets,653820.35
Damage_Assets,1777633.39
Damage_Assets,41472.91
Damage_Assets,3314154.5
Damage_Assets,35526783.03
Damage_Assets,296423.02
Damage_Assets,140632857.6
Damage_Assets,1580672.44
Damage_Assets,25351.75
Damage_Assets,674476.86
Damage_Assets,8847609.3
Damage_Assets,24130226.14
Damage_Assets,3531198.26
Damage_Assets,12627551.75
Damage_Assets,205524.74
Damage_Assets,433482.9
Damage_Assets,96839.58
Damage_Assets,485243.15
Damage_Assets,3771104.47
Damage_Assets,1654457.38
Damage_Assets,4420545.02
Damage_Assets,295147.05
Damage_Assets,323421.74
Damage_Assets,1634610.84
Damage_Assets,487004.33
Damage_Assets,8476208.12
Damage_Assets,469240.95
Damage_Assets,572012.51
Damage_Assets,2254095
Damage_Assets,670693.62
Damage_Assets,188637.68
Damage_Assets,231183.32
Damage_Assets,2694299.86
Damage_Assets,156675.6
Damage_Assets,9778988.79
Damage_Assets,426940.98
Damage_Assets,3030759.26
Damage_Assets,467138.5
Damage_Assets,304716.75
Damage_Assets,1739582.19
Damage_Assets,5825032.87
Damage_Assets,829806.96
Damage_Assets,1090104.33
Damage_Assets,4037458.8
Damage_Assets,4243041.37
Damage_Assets,1135135.31
Damage_Assets,618331.6
Damage_Assets,1361345.27
Damage_Assets,903139.91
Damage_Assets,1923123.47
Damage_Assets,200504.98
Damage_Assets,1822595.91
Damage_Assets,409439.68
Damage_Assets,4680106.47
Damage_Assets,438580.31
Damage_Assets,450149.64
Damage_Assets,2345708.95
Damage_Assets,1228516.42
Damage_Assets,36578728.45
Damage_Assets,104406.38
Damage_Assets,1418030.39
Damage_Assets,6546716.78
Damage_Assets,505108.79
Damage_Assets,306865.01
Damage_Assets,325690.57
Damage_Assets,107157.85
Damage_Assets,9107027.63
Damage_Assets,733493.48
Damage_Assets,614128.39
Damage_Assets,49704.61
Damage_Assets,140005.52
Damage_Assets,10832751.32
Damage_Assets,1894865.65
Damage_Assets,6918788.53
Damage_Assets,5722913.92
Damage_Assets,268087.74
Damage_Assets,46028512.2
Damage_Assets,22400613.24
Business_Disruption,16877.01
Business_Disruption,133994.32
Business_Disruption,152476.14
Business_Disruption,67357.4
Business_Disruption,78840.57
Business_Disruption,217868.54
Business_Disruption,344495.33
Business_Disruption,13496.58
Business_Disruption,57363.5
Business_Disruption,88930.93
Business_Disruption,204428.59
Business_Disruption,30976.97
Business_Disruption,86350.36
Business_Disruption,103256.91
Business_Disruption,34313.52
Business_Disruption,33107.9
Business_Disruption,114475.79
Business_Disruption,81184.72
Business_Disruption,209131.03
Business_Disruption,20335.27
Business_Disruption,58336.18
Business_Disruption,69994.78
Business_Disruption,334635.07
Business_Disruption,24085.84
Business_Disruption,140361.71
Business_Disruption,144225.49
Business_Disruption,1166590.4
Business_Disruption,21793.48
Business_Disruption,36833.02
Business_Disruption,24196.58
Business_Disruption,8065.34
Business_Disruption,1393083.79
Business_Disruption,15332.78
Business_Disruption,29014.24
Business_Disruption,710447.1
Business_Disruption,7117.7
Business_Disruption,306976.77
Business_Disruption,11854.51
Business_Disruption,640524.15
Business_Disruption,3809.23
Business_Disruption,7113.83
Business_Disruption,43591.46
Business_Disruption,424104.02
Business_Disruption,94236.48
Business_Disruption,59660.62
Business_Disruption,743457.08
Business_Disruption,2502646.44
Business_Disruption,270597
Business_Disruption,38782.26
Business_Disruption,52721.86
Business_Disruption,14290.2
Business_Disruption,114832.08
Business_Disruption,8566.47
Business_Disruption,225888.2
Business_Disruption,1999406.75
Business_Disruption,289638.06
Business_Disruption,48838.71
Business_Disruption,217598.33
Business_Disruption,1122198.39
Business_Disruption,1041051.64
Business_Disruption,21902.66
Business_Disruption,212233.97
Business_Disruption,77874.03
Business_Disruption,331005.37
Business_Disruption,175504.67
Business_Disruption,2822.61
Business_Disruption,58570.14
Business_Disruption,132964.51
Business_Disruption,11481.04
Business_Disruption,235987.24
Business_Disruption,10036.43
Business_Disruption,29802.32
Business_Disruption,738198.38
Business_Disruption,26221.46
Business_Disruption,233503.05
Business_Disruption,7112.72
Business_Disruption,2239967.66
Business_Disruption,62515.48
Business_Disruption,113889.19
Business_Disruption,129127.45
Business_Disruption,245573.19
Business_Disruption,10109.49
Business_Disruption,97928.73
Business_Disruption,36748.28
Business_Disruption,7829.58
Business_Disruption,433949.44
Business_Disruption,58205.81
Business_Disruption,142028.16
Business_Disruption,129284.17
Business_Disruption,59737.88
Business_Disruption,1909861.02
Business_Disruption,91959.45
Business_Disruption,9538.31
Business_Disruption,54145.38
Business_Disruption,208899.06
Business_Disruption,219452.85
Business_Disruption,19309.04
Business_Disruption,398006.56
Business_Disruption,7014.25
Business_Disruption,549191.68
Business_Disruption,13642.95
Business_Disruption,70307.39
Business_Disruption,487406.14
Business_Disruption,118114.35
Business_Disruption,336060.93
Business_Disruption,249694.37
Business_Disruption,679697.36
Business_Disruption,485684.63
Business_Disruption,49980.27
Business_Disruption,255100.39
Business_Disruption,9998.32
Business_Disruption,90503.39
Business_Disruption,336962.56
Business_Disruption,120664.77
Business_Disruption,192906.25
Business_Disruption,71688.92
Business_Disruption,536919.88
Business_Disruption,87498.45
Business_Disruption,49110.33
Business_Disruption,373165.06
Business_Disruption,11995.18
Business_Disruption,209305.46
Business_Disruption,20666.57
Business_Disruption,671245.52
Business_Disruption,66733.28
Business_Disruption,120870.75
Business_Disruption,183295.63
Business_Disruption,5461.47
Business_Disruption,37202.18
Business_Disruption,472276.01
Business_Disruption,362814.71
Business_Disruption,150926.51
Business_Disruption,13040.36
Business_Disruption,237578.93
Business_Disruption,287822.54
Business_Disruption,105929.16
Business_Disruption,618316.92
Business_Disruption,35413.64
Business_Disruption,45945.61
Business_Disruption,2375.78
Business_Disruption,392283.97
Business_Disruption,158069.95
Business_Disruption,7920.97
Execution_Delivery,2596.97
Execution_Delivery,2226.03
Execution_Delivery,23164.87
Execution_Delivery,71814.75
Execution_Delivery,110863.77
Execution_Delivery,3337.67
Execution_Delivery,94367.05
Execution_Delivery,25144.53
Execution_Delivery,9655.32
Execution_Delivery,13727.72
Execution_Delivery,120908.1
Execution_Delivery,54776.07
Execution_Delivery,39161.91
Execution_Delivery,52325.74
Execution_Delivery,146114.62
Execution_Delivery,31393.33
Execution_Delivery,39398.32
Execution_Delivery,200236.83
Execution_Delivery,22084.25
Execution_Delivery,91785.62
Execution_Delivery,17059.17
Execution_Delivery,19461.61
Execution_Delivery,31067.74
Execution_Delivery,78661.51
Execution_Delivery,217787.03
Execution_Delivery,41974.51
Execution_Delivery,3828.56
Execution_Delivery,93635.93
Execution_Delivery,1440878.08
Execution_Delivery,42744.82
Execution_Delivery,2798.53
Execution_Delivery,46839.37
Execution_Delivery,36151.77
Execution_Delivery,31867.33
Execution_Delivery,149958.65
Execution_Delivery,287050.14
Execution_Delivery,101253.1
Execution_Delivery,29744.9
Execution_Delivery,196519.74
Execution_Delivery,3863.22
Execution_Delivery,12405.76
Execution_Delivery,14662.64
Execution_Delivery,34668.06
Execution_Delivery,77660.5
Execution_Delivery,26874.43
Execution_Delivery,9329.59
Execution_Delivery,156729.31
Execution_Delivery,25509.72
Execution_Delivery,42327.55
Execution_Delivery,83000.48
Execution_Delivery,38496.26
Execution_Delivery,38750.83
Execution_Delivery,170366.99
Execution_Delivery,45572.25
